{
  "view/View1.view.xml": 1715926209492,
  "manifest.json": 1715926734163,
  "model/models.js": 1715925806151,
  "controller/View1.controller.js": 1715925806163,
  "controller/App.controller.js": 1715925806159,
  "Component.js": 1715925806115,
  "Component-preload.js": 1715926734957,
  "model/models-dbg.js": 1715925806151,
  "controller/View1-dbg.controller.js": 1715925806163,
  "controller/App-dbg.controller.js": 1715925806159,
  "Component-dbg.js": 1715925806115,
  "i18n/i18n.properties": 1715925883657,
  "view/App.view.xml": 1715925806163,
  "css/style.css": 1715925806159,
  "index.html": 1715925806115
}