<core:FragmentDefinition
 xmlns:core="sap.ui.core"
    xmlns:form="sap.ui.layout.form"
     xmlns = "sap.m">

     
<Dialog id="idDialogNotify">
<customHeader>
            <Bar>
            <contentLeft>
            <Text text="Notifications"></Text>
            </contentLeft>
                <contentRight>
                    <Button
                        id="cancelbtn"
                        icon="sap-icon://sys-cancel"
                        press="onCloseNotification"
                        type="Reject"
                    />
                </contentRight>
            </Bar>
        </customHeader>

             
        	<Table
        id="idUserLoans"
         
        alternateRowColors="true"
        backgroundDesign="Transparent"
        items="{booksLoan}"
       
       
    >
        <columns>
            <Column id="idIsbnColumn">
                <Title
                    id="id11Isbntitle"
                    text="Notification about Issued books"
                />
            </Column>
           
        </columns>

        <items>
            <ColumnListItem id="idColumnListBooksLoan">
                <cells>
                    <Text
                        id="id11BISBNvalue"
                        text="{notify}"
                    />
                    
                </cells>
            </ColumnListItem>
        </items>
    </Table>
       

</Dialog>



</core:FragmentDefinition>


