{
  "model/models.js": 1718012888748,
  "controller/IssuedBooks.controller.js": 1718012888748,
  "manifest.json": 1718088512172,
  "i18n/i18n.properties": 1718012888748,
  "controller/View1.controller.js": 1718014330531,
  "controller/UserLoans.controller.js": 1718014348127,
  "controller/ReservedBooks.controller.js": 1718014364578,
  "controller/Login.controller.js": 1718014394858,
  "model/gloabal.json": 1718012888748,
  "controller/Details.controller.js": 1718014418886,
  "controller/BaseController.js": 1718014483301,
  "controller/App.controller.js": 1718012888748,
  "Component.js": 1718012888748,
  "Component-preload.js": 1718088512458,
  "controller/Login-dbg.controller.js": 1718014394858,
  "controller/View1-dbg.controller.js": 1718014330531,
  "controller/UserLoans-dbg.controller.js": 1718014348127,
  "controller/ReservedBooks-dbg.controller.js": 1718014364578,
  "model/models-dbg.js": 1718012888748,
  "controller/IssuedBooks-dbg.controller.js": 1718012888748,
  "controller/Details-dbg.controller.js": 1718014418886,
  "controller/BaseController-dbg.js": 1718014483301,
  "controller/App-dbg.controller.js": 1718012888748,
  "Component-dbg.js": 1718012888748,
  "view/View1.view.xml": 1718014649970,
  "view/UserLoans.view.xml": 1718014612723,
  "view/ReservedBooks.view.xml": 1718014589015,
  "view/Login.view.xml": 1718015219962,
  "view/IssuedBooks.view.xml": 1718014545732,
  "view/Details.view.xml": 1718014524960,
  "view/App.view.xml": 1718012888748,
  "fragments/UserSignUp.fragment.xml": 1718014782108,
  "fragments/UserLogin.fragment.xml": 1718014766960,
  "fragments/Reservations.fragment.xml": 1718012888748,
  "fragments/Notification.fragment.xml": 1718014743569,
  "fragments/Issue.fragment.xml": 1718014725097,
  "fragments/EditBook.fragment.xml": 1718014712401,
  "fragments/CreateBooks.fragment.xml": 1718014698673,
  "fragments/AdminLogin.fragment.xml": 1718014680346,
  "css/style.css": 1718012888748,
  "index.html": 1718012888748
}