{
  "controller/Details.controller.js": 1717569155964,
  "manifest.json": 1717607370848,
  "model/gloabal.json": 1715938681439,
  "model/models.js": 1715925806151,
  "controller/View1.controller.js": 1717352763310,
  "controller/UserLoans.controller.js": 1717439781765,
  "controller/ReservedBooks.controller.js": 1717565489189,
  "controller/Login.controller.js": 1717586522787,
  "controller/IssuedBooks.controller.js": 1717394761787,
  "i18n/i18n.properties": 1716188105698,
  "controller/BaseController.js": 1717068271803,
  "controller/App.controller.js": 1715925806159,
  "Component.js": 1715925806115,
  "Component-preload.js": 1717607371289,
  "controller/Login-dbg.controller.js": 1717586522787,
  "controller/View1-dbg.controller.js": 1717352763310,
  "controller/UserLoans-dbg.controller.js": 1717439781765,
  "controller/ReservedBooks-dbg.controller.js": 1717565489189,
  "model/models-dbg.js": 1715925806151,
  "controller/IssuedBooks-dbg.controller.js": 1717394761787,
  "controller/Details-dbg.controller.js": 1717569155964,
  "controller/BaseController-dbg.js": 1717068271803,
  "controller/App-dbg.controller.js": 1715925806159,
  "Component-dbg.js": 1715925806115,
  "view/View1.view.xml": 1717516779549,
  "view/UserLoans.view.xml": 1717564788596,
  "view/ReservedBooks.view.xml": 1717502679750,
  "view/Login.view.xml": 1717516914239,
  "view/IssuedBooks.view.xml": 1717403726385,
  "view/Details.view.xml": 1717405645324,
  "view/App.view.xml": 1715925806163,
  "fragments/UserSignUp.fragment.xml": 1717071153765,
  "fragments/UserLogin.fragment.xml": 1716966866949,
  "fragments/Reservations.fragment.xml": 1716984902243,
  "fragments/Notification.fragment.xml": 1717592008728,
  "fragments/Issue.fragment.xml": 1717504199090,
  "fragments/EditBook.fragment.xml": 1717499506669,
  "fragments/CreateBooks.fragment.xml": 1717498643325,
  "fragments/AdminLogin.fragment.xml": 1716961273713,
  "css/style.css": 1717393256122,
  "index.html": 1715925806115
}