{
  "controller/ReservedBooks.controller.js": 1718615571893,
  "Component.js": 1718012888748,
  "manifest.json": 1718634558658,
  "model/models.js": 1718012888748,
  "controller/View1.controller.js": 1718604624229,
  "controller/UserLoans.controller.js": 1718615453688,
  "i18n/i18n.properties": 1718012888748,
  "controller/Login.controller.js": 1718616191383,
  "controller/IssuedBooks.controller.js": 1718012888748,
  "controller/Details.controller.js": 1718616688720,
  "controller/BaseController.js": 1718014483301,
  "controller/App.controller.js": 1718012888748,
  "model/gloabal.json": 1718012888748,
  "Component-preload.js": 1718634559206,
  "controller/Details-dbg.controller.js": 1718616688720,
  "controller/View1-dbg.controller.js": 1718604624229,
  "controller/UserLoans-dbg.controller.js": 1718615453688,
  "controller/ReservedBooks-dbg.controller.js": 1718615571893,
  "controller/Login-dbg.controller.js": 1718616191383,
  "controller/IssuedBooks-dbg.controller.js": 1718012888748,
  "model/models-dbg.js": 1718012888748,
  "controller/BaseController-dbg.js": 1718014483301,
  "controller/App-dbg.controller.js": 1718012888748,
  "Component-dbg.js": 1718012888748,
  "view/View1.view.xml": 1718014649970,
  "view/UserLoans.view.xml": 1718421322299,
  "view/ReservedBooks.view.xml": 1718014589015,
  "view/Login.view.xml": 1718423707349,
  "view/IssuedBooks.view.xml": 1718014545732,
  "view/Details.view.xml": 1718423791831,
  "view/App.view.xml": 1718012888748,
  "fragments/UserSignUp.fragment.xml": 1718014782108,
  "fragments/UserLogin.fragment.xml": 1718014766960,
  "fragments/Reservations.fragment.xml": 1718012888748,
  "fragments/Notification.fragment.xml": 1718014743569,
  "fragments/Issue.fragment.xml": 1718534517500,
  "fragments/EditBook.fragment.xml": 1718014712401,
  "fragments/CreateBooks.fragment.xml": 1718014698673,
  "fragments/AdminLogin.fragment.xml": 1718014680346,
  "css/style.css": 1718012888748,
  "index.html": 1718012888748
}